Version,File Name,LOC,LOC_touched,NR,NFix,LOC_added,MAX_LOC_added,AVG_LOC_added,Churn,MAX_Churn,AVG_Churn,ChgSetSize,MAX_ChgSet,AVG_ChgSize,Buggy
9,zookeeper-contrib\zookeeper-contrib-fatjar\src\main\java\org\apache\zookeeper\util\FatJarMain.java,127,0,1,0,0,0,0,0,0,0,0,0,0,No
9,zookeeper-contrib\zookeeper-contrib-loggraph\src\main\java\org\apache\zookeeper\graph\FilterException.java,23,0,1,0,0,0,0,0,0,0,0,0,0,No
9,zookeeper-contrib\zookeeper-contrib-loggraph\src\main\java\org\apache\zookeeper\graph\FilterOp.java,76,0,1,0,0,0,0,0,0,0,0,0,0,No
9,zookeeper-contrib\zookeeper-contrib-loggraph\src\main\java\org\apache\zookeeper\graph\filterops\AndOp.java,34,0,1,0,0,0,0,0,0,0,0,0,0,No
9,zookeeper-contrib\zookeeper-contrib-loggraph\src\main\java\org\apache\zookeeper\graph\filterops\Arg.java,37,0,1,0,0,0,0,0,0,0,0,0,0,No
9,zookeeper-contrib\zookeeper-contrib-loggraph\src\main\java\org\apache\zookeeper\graph\filterops\EqualsOp.java,45,0,1,0,0,0,0,0,0,0,0,0,0,No
9,zookeeper-contrib\zookeeper-contrib-loggraph\src\main\java\org\apache\zookeeper\graph\filterops\GreaterThanOp.java,71,0,1,0,0,0,0,0,0,0,0,0,0,No
9,zookeeper-contrib\zookeeper-contrib-loggraph\src\main\java\org\apache\zookeeper\graph\filterops\LessThanOp.java,70,0,1,0,0,0,0,0,0,0,0,0,0,No
9,zookeeper-contrib\zookeeper-contrib-loggraph\src\main\java\org\apache\zookeeper\graph\filterops\NotOp.java,32,0,1,0,0,0,0,0,0,0,0,0,0,No
9,zookeeper-contrib\zookeeper-contrib-loggraph\src\main\java\org\apache\zookeeper\graph\filterops\NumberArg.java,29,0,1,0,0,0,0,0,0,0,0,0,0,No
9,zookeeper-contrib\zookeeper-contrib-loggraph\src\main\java\org\apache\zookeeper\graph\filterops\OrOp.java,34,0,1,0,0,0,0,0,0,0,0,0,0,No
9,zookeeper-contrib\zookeeper-contrib-loggraph\src\main\java\org\apache\zookeeper\graph\filterops\StringArg.java,29,0,1,0,0,0,0,0,0,0,0,0,0,No
9,zookeeper-contrib\zookeeper-contrib-loggraph\src\main\java\org\apache\zookeeper\graph\filterops\SymbolArg.java,28,0,1,0,0,0,0,0,0,0,0,0,0,No
9,zookeeper-contrib\zookeeper-contrib-loggraph\src\main\java\org\apache\zookeeper\graph\filterops\XorOp.java,41,0,1,0,0,0,0,0,0,0,0,0,0,No
9,zookeeper-contrib\zookeeper-contrib-loggraph\src\main\java\org\apache\zookeeper\graph\FilterParser.java,132,0,1,0,0,0,0,0,0,0,0,0,0,No
9,zookeeper-contrib\zookeeper-contrib-loggraph\src\main\java\org\apache\zookeeper\graph\JsonGenerator.java,224,0,1,0,0,0,0,0,0,0,0,0,0,No
9,zookeeper-contrib\zookeeper-contrib-loggraph\src\main\java\org\apache\zookeeper\graph\Log4JEntry.java,41,0,1,0,0,0,0,0,0,0,0,0,0,No
9,zookeeper-contrib\zookeeper-contrib-loggraph\src\main\java\org\apache\zookeeper\graph\Log4JSource.java,392,0,1,0,0,0,0,0,0,0,0,0,0,No
9,zookeeper-contrib\zookeeper-contrib-loggraph\src\main\java\org\apache\zookeeper\graph\LogEntry.java,47,0,1,0,0,0,0,0,0,0,0,0,0,No
9,zookeeper-contrib\zookeeper-contrib-loggraph\src\main\java\org\apache\zookeeper\graph\LogIterator.java,27,0,1,0,0,0,0,0,0,0,0,0,0,No
9,zookeeper-contrib\zookeeper-contrib-loggraph\src\main\java\org\apache\zookeeper\graph\LogServer.java,67,0,1,0,0,0,0,0,0,0,0,0,0,No
9,zookeeper-contrib\zookeeper-contrib-loggraph\src\main\java\org\apache\zookeeper\graph\LogSkipList.java,96,0,1,0,0,0,0,0,0,0,0,0,0,No
9,zookeeper-contrib\zookeeper-contrib-loggraph\src\main\java\org\apache\zookeeper\graph\LogSource.java,34,0,1,0,0,0,0,0,0,0,0,0,0,No
9,zookeeper-contrib\zookeeper-contrib-loggraph\src\main\java\org\apache\zookeeper\graph\MeasureThroughput.java,104,0,1,0,0,0,0,0,0,0,0,0,0,No
9,zookeeper-contrib\zookeeper-contrib-loggraph\src\main\java\org\apache\zookeeper\graph\MergedLogSource.java,220,0,1,0,0,0,0,0,0,0,0,0,0,No
9,zookeeper-contrib\zookeeper-contrib-loggraph\src\main\java\org\apache\zookeeper\graph\RandomAccessFileReader.java,330,0,1,0,0,0,0,0,0,0,0,0,0,No
9,zookeeper-contrib\zookeeper-contrib-loggraph\src\main\java\org\apache\zookeeper\graph\servlets\FileLoader.java,61,0,1,0,0,0,0,0,0,0,0,0,0,No
9,zookeeper-contrib\zookeeper-contrib-loggraph\src\main\java\org\apache\zookeeper\graph\servlets\Fs.java,70,0,1,0,0,0,0,0,0,0,0,0,0,No
9,zookeeper-contrib\zookeeper-contrib-loggraph\src\main\java\org\apache\zookeeper\graph\servlets\GraphData.java,86,0,1,0,0,0,0,0,0,0,0,0,0,No
9,zookeeper-contrib\zookeeper-contrib-loggraph\src\main\java\org\apache\zookeeper\graph\servlets\JsonServlet.java,86,0,1,0,0,0,0,0,0,0,0,0,0,No
9,zookeeper-contrib\zookeeper-contrib-loggraph\src\main\java\org\apache\zookeeper\graph\servlets\NumEvents.java,89,0,1,0,0,0,0,0,0,0,0,0,0,No
9,zookeeper-contrib\zookeeper-contrib-loggraph\src\main\java\org\apache\zookeeper\graph\servlets\StaticContent.java,54,0,1,0,0,0,0,0,0,0,0,0,0,No
9,zookeeper-contrib\zookeeper-contrib-loggraph\src\main\java\org\apache\zookeeper\graph\servlets\Throughput.java,126,0,1,0,0,0,0,0,0,0,0,0,0,No
9,zookeeper-contrib\zookeeper-contrib-loggraph\src\main\java\org\apache\zookeeper\graph\TransactionEntry.java,60,0,1,0,0,0,0,0,0,0,0,0,0,No
9,zookeeper-contrib\zookeeper-contrib-loggraph\src\main\java\org\apache\zookeeper\graph\TxnLogSource.java,377,0,1,0,0,0,0,0,0,0,0,0,0,No
9,zookeeper-contrib\zookeeper-contrib-rest\src\main\java\org\apache\zookeeper\server\jersey\cfg\Credentials.java,48,0,1,0,0,0,0,0,0,0,0,0,0,No
9,zookeeper-contrib\zookeeper-contrib-rest\src\main\java\org\apache\zookeeper\server\jersey\cfg\Endpoint.java,73,0,1,0,0,0,0,0,0,0,0,0,0,No
9,zookeeper-contrib\zookeeper-contrib-rest\src\main\java\org\apache\zookeeper\server\jersey\cfg\HostPort.java,52,0,1,0,0,0,0,0,0,0,0,0,0,No
9,zookeeper-contrib\zookeeper-contrib-rest\src\main\java\org\apache\zookeeper\server\jersey\cfg\HostPortSet.java,52,0,1,0,0,0,0,0,0,0,0,0,0,No
9,zookeeper-contrib\zookeeper-contrib-rest\src\main\java\org\apache\zookeeper\server\jersey\cfg\RestCfg.java,111,0,1,0,0,0,0,0,0,0,0,0,0,No
9,zookeeper-contrib\zookeeper-contrib-rest\src\main\java\org\apache\zookeeper\server\jersey\filters\HTTPBasicAuth.java,88,0,1,0,0,0,0,0,0,0,0,0,0,No
9,zookeeper-contrib\zookeeper-contrib-rest\src\main\java\org\apache\zookeeper\server\jersey\jaxb\ZChildren.java,81,0,1,0,0,0,0,0,0,0,0,0,0,No
9,zookeeper-contrib\zookeeper-contrib-rest\src\main\java\org\apache\zookeeper\server\jersey\jaxb\ZChildrenJSON.java,77,0,1,0,0,0,0,0,0,0,0,0,0,No
9,zookeeper-contrib\zookeeper-contrib-rest\src\main\java\org\apache\zookeeper\server\jersey\jaxb\ZError.java,42,0,1,0,0,0,0,0,0,0,0,0,0,No
9,zookeeper-contrib\zookeeper-contrib-rest\src\main\java\org\apache\zookeeper\server\jersey\jaxb\ZPath.java,64,0,1,0,0,0,0,0,0,0,0,0,0,No
9,zookeeper-contrib\zookeeper-contrib-rest\src\main\java\org\apache\zookeeper\server\jersey\jaxb\ZSession.java,56,0,1,0,0,0,0,0,0,0,0,0,0,No
9,zookeeper-contrib\zookeeper-contrib-rest\src\main\java\org\apache\zookeeper\server\jersey\jaxb\ZStat.java,107,0,1,0,0,0,0,0,0,0,0,0,0,No
9,zookeeper-contrib\zookeeper-contrib-rest\src\main\java\org\apache\zookeeper\server\jersey\resources\JAXBContextResolver.java,73,0,1,0,0,0,0,0,0,0,0,0,0,No
9,zookeeper-contrib\zookeeper-contrib-rest\src\main\java\org\apache\zookeeper\server\jersey\resources\KeeperExceptionMapper.java,87,0,1,0,0,0,0,0,0,0,0,0,0,No
9,zookeeper-contrib\zookeeper-contrib-rest\src\main\java\org\apache\zookeeper\server\jersey\resources\RuntimeExceptionMapper.java,56,0,1,0,0,0,0,0,0,0,0,0,0,No
9,zookeeper-contrib\zookeeper-contrib-rest\src\main\java\org\apache\zookeeper\server\jersey\resources\SessionsResource.java,136,0,1,0,0,0,0,0,0,0,0,0,0,No
9,zookeeper-contrib\zookeeper-contrib-rest\src\main\java\org\apache\zookeeper\server\jersey\resources\ZErrorWriter.java,64,0,1,0,0,0,0,0,0,0,0,0,0,No
9,zookeeper-contrib\zookeeper-contrib-rest\src\main\java\org\apache\zookeeper\server\jersey\resources\ZNodeResource.java,413,0,1,0,0,0,0,0,0,0,0,0,0,No
9,zookeeper-contrib\zookeeper-contrib-rest\src\main\java\org\apache\zookeeper\server\jersey\RestMain.java,152,0,1,0,0,0,0,0,0,0,0,0,0,No
9,zookeeper-contrib\zookeeper-contrib-rest\src\main\java\org\apache\zookeeper\server\jersey\ZooKeeperService.java,243,0,1,0,0,0,0,0,0,0,0,0,0,No
9,zookeeper-contrib\zookeeper-contrib-zooinspector\src\main\java\org\apache\zookeeper\inspector\encryption\BasicDataEncryptionManager.java,51,0,1,0,0,0,0,0,0,0,0,0,0,No
9,zookeeper-contrib\zookeeper-contrib-zooinspector\src\main\java\org\apache\zookeeper\inspector\encryption\DataEncryptionManager.java,40,0,1,0,0,0,0,0,0,0,0,0,0,No
9,zookeeper-contrib\zookeeper-contrib-zooinspector\src\main\java\org\apache\zookeeper\inspector\gui\nodeviewer\NodeViewerACL.java,188,0,1,0,0,0,0,0,0,0,0,0,0,No
9,zookeeper-contrib\zookeeper-contrib-zooinspector\src\main\java\org\apache\zookeeper\inspector\gui\nodeviewer\NodeViewerData.java,147,0,1,0,0,0,0,0,0,0,0,0,0,No
9,zookeeper-contrib\zookeeper-contrib-zooinspector\src\main\java\org\apache\zookeeper\inspector\gui\nodeviewer\NodeViewerMetaData.java,187,0,1,0,0,0,0,0,0,0,0,0,0,No
9,zookeeper-contrib\zookeeper-contrib-zooinspector\src\main\java\org\apache\zookeeper\inspector\gui\nodeviewer\ZooInspectorNodeViewer.java,139,0,1,0,0,0,0,0,0,0,0,0,0,No
9,zookeeper-contrib\zookeeper-contrib-zooinspector\src\main\java\org\apache\zookeeper\inspector\gui\NodeViewersChangeListener.java,38,0,1,0,0,0,0,0,0,0,0,0,0,No
9,zookeeper-contrib\zookeeper-contrib-zooinspector\src\main\java\org\apache\zookeeper\inspector\gui\ZooInspectorAboutDialog.java,81,0,1,0,0,0,0,0,0,0,0,0,0,No
9,zookeeper-contrib\zookeeper-contrib-zooinspector\src\main\java\org\apache\zookeeper\inspector\gui\ZooInspectorConnectionPropertiesDialog.java,322,0,1,0,0,0,0,0,0,0,0,0,0,No
9,zookeeper-contrib\zookeeper-contrib-zooinspector\src\main\java\org\apache\zookeeper\inspector\gui\ZooInspectorIconResources.java,119,0,1,0,0,0,0,0,0,0,0,0,0,No
9,zookeeper-contrib\zookeeper-contrib-zooinspector\src\main\java\org\apache\zookeeper\inspector\gui\ZooInspectorNodeViewersDialog.java,606,0,1,0,0,0,0,0,0,0,0,0,0,No
9,zookeeper-contrib\zookeeper-contrib-zooinspector\src\main\java\org\apache\zookeeper\inspector\gui\ZooInspectorNodeViewersPanel.java,141,0,1,0,0,0,0,0,0,0,0,0,0,No
9,zookeeper-contrib\zookeeper-contrib-zooinspector\src\main\java\org\apache\zookeeper\inspector\gui\ZooInspectorPanel.java,362,0,1,0,0,0,0,0,0,0,0,0,0,No
9,zookeeper-contrib\zookeeper-contrib-zooinspector\src\main\java\org\apache\zookeeper\inspector\gui\ZooInspectorTreeViewer.java,363,0,1,0,0,0,0,0,0,0,0,0,0,No
9,zookeeper-contrib\zookeeper-contrib-zooinspector\src\main\java\org\apache\zookeeper\inspector\logger\LoggerFactory.java,37,0,1,0,0,0,0,0,0,0,0,0,0,No
9,zookeeper-contrib\zookeeper-contrib-zooinspector\src\main\java\org\apache\zookeeper\inspector\manager\NodeListener.java,38,0,1,0,0,0,0,0,0,0,0,0,0,No
9,zookeeper-contrib\zookeeper-contrib-zooinspector\src\main\java\org\apache\zookeeper\inspector\manager\Pair.java,121,0,1,0,0,0,0,0,0,0,0,0,0,No
9,zookeeper-contrib\zookeeper-contrib-zooinspector\src\main\java\org\apache\zookeeper\inspector\manager\ZooInspectorManager.java,140,0,1,0,0,0,0,0,0,0,0,0,0,No
9,zookeeper-contrib\zookeeper-contrib-zooinspector\src\main\java\org\apache\zookeeper\inspector\manager\ZooInspectorManagerImpl.java,885,0,1,0,0,0,0,0,0,0,0,0,0,No
9,zookeeper-contrib\zookeeper-contrib-zooinspector\src\main\java\org\apache\zookeeper\inspector\manager\ZooInspectorNodeManager.java,34,0,1,0,0,0,0,0,0,0,0,0,0,No
9,zookeeper-contrib\zookeeper-contrib-zooinspector\src\main\java\org\apache\zookeeper\inspector\manager\ZooInspectorNodeTreeManager.java,44,0,1,0,0,0,0,0,0,0,0,0,0,No
9,zookeeper-contrib\zookeeper-contrib-zooinspector\src\main\java\org\apache\zookeeper\inspector\manager\ZooInspectorReadOnlyManager.java,100,0,1,0,0,0,0,0,0,0,0,0,0,No
9,zookeeper-contrib\zookeeper-contrib-zooinspector\src\main\java\org\apache\zookeeper\inspector\ZooInspector.java,67,0,1,0,0,0,0,0,0,0,0,0,0,No
9,zookeeper-contrib\zookeeper-contrib-zooinspector\src\main\java\org\apache\zookeeper\retry\ZooKeeperRetry.java,289,0,1,0,0,0,0,0,0,0,0,0,0,No
9,zookeeper-jute\src\main\java\org\apache\jute\BinaryInputArchive.java,131,0,1,0,0,0,0,0,0,0,0,0,0,No
9,zookeeper-jute\src\main\java\org\apache\jute\BinaryOutputArchive.java,147,0,1,0,0,0,0,0,0,0,0,0,0,No
9,zookeeper-jute\src\main\java\org\apache\jute\compiler\CGenerator.java,143,0,1,0,0,0,0,0,0,0,0,0,0,No
9,zookeeper-jute\src\main\java\org\apache\jute\compiler\CppGenerator.java,137,0,1,0,0,0,0,0,0,0,0,0,0,No
9,zookeeper-jute\src\main\java\org\apache\jute\compiler\CSharpGenerator.java,54,0,1,0,0,0,0,0,0,0,0,0,0,No
9,zookeeper-jute\src\main\java\org\apache\jute\compiler\generated\ParseException.java,211,0,1,0,0,0,0,0,0,0,0,0,0,No
9,zookeeper-jute\src\main\java\org\apache\jute\compiler\generated\Rcc.java,526,0,1,0,0,0,0,0,0,0,0,0,0,No
9,zookeeper-jute\src\main\java\org\apache\jute\compiler\generated\RccConstants.java,89,0,1,0,0,0,0,0,0,0,0,0,0,No
9,zookeeper-jute\src\main\java\org\apache\jute\compiler\generated\RccTokenManager.java,834,0,1,0,0,0,0,0,0,0,0,0,0,No
9,zookeeper-jute\src\main\java\org\apache\jute\compiler\generated\SimpleCharStream.java,458,0,1,0,0,0,0,0,0,0,0,0,0,No
9,zookeeper-jute\src\main\java\org\apache\jute\compiler\generated\Token.java,100,0,1,0,0,0,0,0,0,0,0,0,0,No
9,zookeeper-jute\src\main\java\org\apache\jute\compiler\generated\TokenMgrError.java,152,0,1,0,0,0,0,0,0,0,0,0,0,No
9,zookeeper-jute\src\main\java\org\apache\jute\compiler\JavaGenerator.java,58,0,1,0,0,0,0,0,0,0,0,0,0,No
9,zookeeper-jute\src\main\java\org\apache\jute\compiler\JBoolean.java,51,0,1,0,0,0,0,0,0,0,0,0,0,No
9,zookeeper-jute\src\main\java\org\apache\jute\compiler\JBuffer.java,107,0,1,0,0,0,0,0,0,0,0,0,0,No
9,zookeeper-jute\src\main\java\org\apache\jute\compiler\JByte.java,35,0,1,0,0,0,0,0,0,0,0,0,0,No
9,zookeeper-jute\src\main\java\org\apache\jute\compiler\JCompType.java,67,0,1,0,0,0,0,0,0,0,0,0,0,No
9,zookeeper-jute\src\main\java\org\apache\jute\compiler\JDouble.java,41,0,1,0,0,0,0,0,0,0,0,0,0,No
9,zookeeper-jute\src\main\java\org\apache\jute\compiler\JField.java,141,0,1,0,0,0,0,0,0,0,0,0,0,No
9,zookeeper-jute\src\main\java\org\apache\jute\compiler\JFile.java,85,0,1,0,0,0,0,0,0,0,0,0,0,No
9,zookeeper-jute\src\main\java\org\apache\jute\compiler\JFloat.java,40,0,1,0,0,0,0,0,0,0,0,0,0,No
9,zookeeper-jute\src\main\java\org\apache\jute\compiler\JInt.java,35,0,1,0,0,0,0,0,0,0,0,0,0,No
9,zookeeper-jute\src\main\java\org\apache\jute\compiler\JLong.java,39,0,1,0,0,0,0,0,0,0,0,0,0,No
9,zookeeper-jute\src\main\java\org\apache\jute\compiler\JMap.java,150,0,1,0,0,0,0,0,0,0,0,0,0,No
9,zookeeper-jute\src\main\java\org\apache\jute\compiler\JRecord.java,777,0,1,0,0,0,0,0,0,0,0,0,0,No
9,zookeeper-jute\src\main\java\org\apache\jute\compiler\JString.java,47,0,1,0,0,0,0,0,0,0,0,0,0,No
9,zookeeper-jute\src\main\java\org\apache\jute\compiler\JType.java,205,0,1,0,0,0,0,0,0,0,0,0,0,No
9,zookeeper-jute\src\main\java\org\apache\jute\compiler\JVector.java,154,0,1,0,0,0,0,0,0,0,0,0,0,No
9,zookeeper-jute\src\main\java\org\apache\jute\CsvInputArchive.java,209,0,1,0,0,0,0,0,0,0,0,0,0,No
9,zookeeper-jute\src\main\java\org\apache\jute\CsvOutputArchive.java,151,0,1,0,0,0,0,0,0,0,0,0,0,No
9,zookeeper-jute\src\main\java\org\apache\jute\Index.java,39,0,1,0,0,0,0,0,0,0,0,0,0,No
9,zookeeper-jute\src\main\java\org\apache\jute\InputArchive.java,44,0,1,0,0,0,0,0,0,0,0,0,0,No
9,zookeeper-jute\src\main\java\org\apache\jute\OutputArchive.java,48,0,1,0,0,0,0,0,0,0,0,0,0,No
9,zookeeper-jute\src\main\java\org\apache\jute\Record.java,36,0,1,0,0,0,0,0,0,0,0,0,0,No
9,zookeeper-jute\src\main\java\org\apache\jute\RecordReader.java,94,0,1,0,0,0,0,0,0,0,0,0,0,No
9,zookeeper-jute\src\main\java\org\apache\jute\RecordWriter.java,114,0,1,0,0,0,0,0,0,0,0,0,0,No
9,zookeeper-jute\src\main\java\org\apache\jute\Utils.java,283,0,1,0,0,0,0,0,0,0,0,0,0,No
9,zookeeper-jute\src\main\java\org\apache\jute\XmlInputArchive.java,252,0,1,0,0,0,0,0,0,0,0,0,0,No
9,zookeeper-jute\src\main\java\org\apache\jute\XmlOutputArchive.java,252,0,1,0,0,0,0,0,0,0,0,0,0,No
9,zookeeper-recipes\zookeeper-recipes-election\src\main\java\org\apache\zookeeper\recipes\leader\LeaderElectionAware.java,38,0,1,0,0,0,0,0,0,0,0,0,0,No
9,zookeeper-recipes\zookeeper-recipes-election\src\main\java\org\apache\zookeeper\recipes\leader\LeaderElectionSupport.java,472,28,2,0,10,10,5,10,10,5,1302,1302,651,No
9,zookeeper-recipes\zookeeper-recipes-election\src\main\java\org\apache\zookeeper\recipes\leader\LeaderOffer.java,87,3,2,0,2,2,1,2,2,1,1302,1302,651,No
9,zookeeper-recipes\zookeeper-recipes-lock\src\main\java\org\apache\zookeeper\recipes\lock\LockListener.java,39,0,1,0,0,0,0,0,0,0,0,0,0,No
9,zookeeper-recipes\zookeeper-recipes-lock\src\main\java\org\apache\zookeeper\recipes\lock\ProtocolSupport.java,194,0,1,0,0,0,0,0,0,0,0,0,0,No
9,zookeeper-recipes\zookeeper-recipes-lock\src\main\java\org\apache\zookeeper\recipes\lock\WriteLock.java,300,52,2,0,15,15,7,15,15,7,1302,1302,651,No
9,zookeeper-recipes\zookeeper-recipes-lock\src\main\java\org\apache\zookeeper\recipes\lock\ZNodeName.java,113,0,1,0,0,0,0,0,0,0,0,0,0,No
9,zookeeper-recipes\zookeeper-recipes-lock\src\main\java\org\apache\zookeeper\recipes\lock\ZooKeeperOperation.java,39,0,1,0,0,0,0,0,0,0,0,0,0,No
9,zookeeper-recipes\zookeeper-recipes-queue\src\main\java\org\apache\zookeeper\recipes\queue\DistributedQueue.java,314,2,2,0,0,0,0,0,0,0,1302,1302,651,No
9,zookeeper-server\src\main\java\org\apache\zookeeper\AsyncCallback.java,310,0,1,0,0,0,0,0,0,0,0,0,0,No
9,zookeeper-server\src\main\java\org\apache\zookeeper\client\ConnectStringParser.java,88,0,1,0,0,0,0,0,0,0,0,0,0,No
9,zookeeper-server\src\main\java\org\apache\zookeeper\client\FourLetterWordMain.java,108,0,1,0,0,0,0,0,0,0,0,0,0,No
9,zookeeper-server\src\main\java\org\apache\zookeeper\client\HostProvider.java,67,0,1,0,0,0,0,0,0,0,0,0,0,No
9,zookeeper-server\src\main\java\org\apache\zookeeper\client\StaticHostProvider.java,180,0,1,0,0,0,0,0,0,0,0,0,0,No
9,zookeeper-server\src\main\java\org\apache\zookeeper\client\ZooKeeperSaslClient.java,440,0,1,0,0,0,0,0,0,0,0,0,0,No
9,zookeeper-server\src\main\java\org\apache\zookeeper\ClientCnxn.java,1485,37,6,0,18,7,3,8,7,1,306,252,51,No
9,zookeeper-server\src\main\java\org\apache\zookeeper\ClientCnxnSocket.java,176,0,1,0,0,0,0,0,0,0,0,0,0,No
9,zookeeper-server\src\main\java\org\apache\zookeeper\ClientCnxnSocketNIO.java,432,0,1,0,0,0,0,0,0,0,0,0,0,No
9,zookeeper-server\src\main\java\org\apache\zookeeper\ClientWatchManager.java,41,0,1,0,0,0,0,0,0,0,0,0,0,No
9,zookeeper-server\src\main\java\org\apache\zookeeper\common\AtomicFileOutputStream.java,127,0,1,0,0,0,0,0,0,0,0,0,0,No
9,zookeeper-server\src\main\java\org\apache\zookeeper\common\IOUtils.java,124,0,1,0,0,0,0,0,0,0,0,0,0,No
9,zookeeper-server\src\main\java\org\apache\zookeeper\common\PathTrie.java,294,0,1,0,0,0,0,0,0,0,0,0,0,No
9,zookeeper-server\src\main\java\org\apache\zookeeper\common\PathUtils.java,104,0,1,0,0,0,0,0,0,0,0,0,0,No
9,zookeeper-server\src\main\java\org\apache\zookeeper\common\Time.java,53,0,1,0,0,0,0,0,0,0,0,0,0,No
9,zookeeper-server\src\main\java\org\apache\zookeeper\CreateMode.java,95,0,1,0,0,0,0,0,0,0,0,0,0,No
9,zookeeper-server\src\main\java\org\apache\zookeeper\Environment.java,104,0,1,0,0,0,0,0,0,0,0,0,0,No
9,zookeeper-server\src\main\java\org\apache\zookeeper\JLineZNodeCompletor.java,85,0,1,0,0,0,0,0,0,0,0,0,0,No
9,zookeeper-server\src\main\java\org\apache\zookeeper\jmx\CommonNames.java,30,0,1,0,0,0,0,0,0,0,0,0,0,No
9,zookeeper-server\src\main\java\org\apache\zookeeper\jmx\ManagedUtil.java,73,0,1,0,0,0,0,0,0,0,0,0,0,No
9,zookeeper-server\src\main\java\org\apache\zookeeper\jmx\MBeanRegistry.java,220,0,1,0,0,0,0,0,0,0,0,0,0,No
9,zookeeper-server\src\main\java\org\apache\zookeeper\jmx\ZKMBeanInfo.java,37,0,1,0,0,0,0,0,0,0,0,0,0,No
9,zookeeper-server\src\main\java\org\apache\zookeeper\KeeperException.java,729,0,1,0,0,0,0,0,0,0,0,0,0,No
9,zookeeper-server\src\main\java\org\apache\zookeeper\Login.java,408,0,1,0,0,0,0,0,0,0,0,0,0,No
9,zookeeper-server\src\main\java\org\apache\zookeeper\MultiResponse.java,167,0,1,0,0,0,0,0,0,0,0,0,0,No
9,zookeeper-server\src\main\java\org\apache\zookeeper\MultiTransactionRecord.java,161,0,1,0,0,0,0,0,0,0,0,0,0,No
9,zookeeper-server\src\main\java\org\apache\zookeeper\Op.java,352,0,1,0,0,0,0,0,0,0,0,0,0,No
9,zookeeper-server\src\main\java\org\apache\zookeeper\OpResult.java,186,0,1,0,0,0,0,0,0,0,0,0,0,No
9,zookeeper-server\src\main\java\org\apache\zookeeper\Quotas.java,69,0,1,0,0,0,0,0,0,0,0,0,0,No
9,zookeeper-server\src\main\java\org\apache\zookeeper\SaslClientCallbackHandler.java,105,0,1,0,0,0,0,0,0,0,0,0,0,No
9,zookeeper-server\src\main\java\org\apache\zookeeper\SaslServerPrincipal.java,132,0,1,0,0,0,0,0,0,0,0,0,0,No
9,zookeeper-server\src\main\java\org\apache\zookeeper\server\auth\AuthenticationProvider.java,83,0,1,0,0,0,0,0,0,0,0,0,0,No
9,zookeeper-server\src\main\java\org\apache\zookeeper\server\auth\DigestAuthenticationProvider.java,140,0,1,0,0,0,0,0,0,0,0,0,0,No
9,zookeeper-server\src\main\java\org\apache\zookeeper\server\auth\DigestLoginModule.java,62,0,1,0,0,0,0,0,0,0,0,0,0,No
9,zookeeper-server\src\main\java\org\apache\zookeeper\server\auth\IPAuthenticationProvider.java,118,0,1,0,0,0,0,0,0,0,0,0,0,No
9,zookeeper-server\src\main\java\org\apache\zookeeper\server\auth\KerberosName.java,419,0,1,0,0,0,0,0,0,0,0,0,0,No
9,zookeeper-server\src\main\java\org\apache\zookeeper\server\auth\ProviderRegistry.java,78,0,1,0,0,0,0,0,0,0,0,0,0,No
9,zookeeper-server\src\main\java\org\apache\zookeeper\server\auth\SASLAuthenticationProvider.java,71,0,1,0,0,0,0,0,0,0,0,0,0,No
9,zookeeper-server\src\main\java\org\apache\zookeeper\server\auth\SaslServerCallbackHandler.java,155,0,1,0,0,0,0,0,0,0,0,0,0,No
9,zookeeper-server\src\main\java\org\apache\zookeeper\server\ByteBufferInputStream.java,83,0,1,0,0,0,0,0,0,0,0,0,0,No
9,zookeeper-server\src\main\java\org\apache\zookeeper\server\ByteBufferOutputStream.java,53,0,1,0,0,0,0,0,0,0,0,0,0,No
9,zookeeper-server\src\main\java\org\apache\zookeeper\server\ConnectionBean.java,174,0,1,0,0,0,0,0,0,0,0,0,0,No
9,zookeeper-server\src\main\java\org\apache\zookeeper\server\ConnectionMXBean.java,99,0,1,0,0,0,0,0,0,0,0,0,0,No
9,zookeeper-server\src\main\java\org\apache\zookeeper\server\DatadirCleanupManager.java,193,0,1,0,0,0,0,0,0,0,0,0,0,No
9,zookeeper-server\src\main\java\org\apache\zookeeper\server\DataNode.java,183,2,2,0,2,2,1,2,2,1,627,627,313,No
9,zookeeper-server\src\main\java\org\apache\zookeeper\server\DataTree.java,1238,0,1,0,0,0,0,0,0,0,0,0,0,No
9,zookeeper-server\src\main\java\org\apache\zookeeper\server\DataTreeBean.java,62,0,1,0,0,0,0,0,0,0,0,0,0,No
9,zookeeper-server\src\main\java\org\apache\zookeeper\server\DataTreeMXBean.java,48,0,1,0,0,0,0,0,0,0,0,0,0,No
9,zookeeper-server\src\main\java\org\apache\zookeeper\server\ExitCode.java,28,0,1,0,0,0,0,0,0,0,0,0,0,No
9,zookeeper-server\src\main\java\org\apache\zookeeper\server\FinalRequestProcessor.java,434,30,2,0,27,27,13,27,27,13,629,629,314,No
9,zookeeper-server\src\main\java\org\apache\zookeeper\server\LogFormatter.java,109,0,1,0,0,0,0,0,0,0,0,0,0,No
9,zookeeper-server\src\main\java\org\apache\zookeeper\server\NettyServerCnxn.java,898,0,1,0,0,0,0,0,0,0,0,0,0,No
9,zookeeper-server\src\main\java\org\apache\zookeeper\server\NettyServerCnxnFactory.java,427,0,1,0,0,0,0,0,0,0,0,0,0,No
9,zookeeper-server\src\main\java\org\apache\zookeeper\server\NIOServerCnxn.java,1219,0,1,0,0,0,0,0,0,0,0,0,0,No
9,zookeeper-server\src\main\java\org\apache\zookeeper\server\NIOServerCnxnFactory.java,328,0,1,0,0,0,0,0,0,0,0,0,0,No
9,zookeeper-server\src\main\java\org\apache\zookeeper\server\ObserverBean.java,50,0,1,0,0,0,0,0,0,0,0,0,0,No
9,zookeeper-server\src\main\java\org\apache\zookeeper\server\persistence\FilePadding.java,113,0,1,0,0,0,0,0,0,0,0,0,0,No
9,zookeeper-server\src\main\java\org\apache\zookeeper\server\persistence\FileSnap.java,256,0,1,0,0,0,0,0,0,0,0,0,0,No
9,zookeeper-server\src\main\java\org\apache\zookeeper\server\persistence\FileTxnLog.java,695,4,2,0,0,0,0,0,0,0,627,627,313,No
9,zookeeper-server\src\main\java\org\apache\zookeeper\server\persistence\FileTxnSnapLog.java,429,0,1,0,0,0,0,0,0,0,0,0,0,No
9,zookeeper-server\src\main\java\org\apache\zookeeper\server\persistence\SnapShot.java,67,0,1,0,0,0,0,0,0,0,0,0,0,No
9,zookeeper-server\src\main\java\org\apache\zookeeper\server\persistence\TxnLog.java,129,0,1,0,0,0,0,0,0,0,0,0,0,No
9,zookeeper-server\src\main\java\org\apache\zookeeper\server\persistence\TxnLogToolkit.java,274,0,1,0,0,0,0,0,0,0,0,0,0,No
9,zookeeper-server\src\main\java\org\apache\zookeeper\server\persistence\TxnLogToolkitCliParser.java,102,0,1,0,0,0,0,0,0,0,0,0,0,No
9,zookeeper-server\src\main\java\org\apache\zookeeper\server\persistence\Util.java,322,0,1,0,0,0,0,0,0,0,0,0,0,No
9,zookeeper-server\src\main\java\org\apache\zookeeper\server\PrepRequestProcessor.java,775,0,1,0,0,0,0,0,0,0,0,0,0,No
9,zookeeper-server\src\main\java\org\apache\zookeeper\server\PurgeTxnLog.java,237,0,1,0,0,0,0,0,0,0,0,0,0,No
9,zookeeper-server\src\main\java\org\apache\zookeeper\server\quorum\AckRequestProcessor.java,55,0,1,0,0,0,0,0,0,0,0,0,0,No
9,zookeeper-server\src\main\java\org\apache\zookeeper\server\quorum\auth\NullQuorumAuthLearner.java,34,0,1,0,0,0,0,0,0,0,0,0,0,No
9,zookeeper-server\src\main\java\org\apache\zookeeper\server\quorum\auth\NullQuorumAuthServer.java,35,0,1,0,0,0,0,0,0,0,0,0,0,No
9,zookeeper-server\src\main\java\org\apache\zookeeper\server\quorum\auth\QuorumAuth.java,97,0,1,0,0,0,0,0,0,0,0,0,0,No
9,zookeeper-server\src\main\java\org\apache\zookeeper\server\quorum\auth\QuorumAuthLearner.java,41,0,1,0,0,0,0,0,0,0,0,0,0,No
9,zookeeper-server\src\main\java\org\apache\zookeeper\server\quorum\auth\QuorumAuthServer.java,42,0,1,0,0,0,0,0,0,0,0,0,0,No
9,zookeeper-server\src\main\java\org\apache\zookeeper\server\quorum\auth\SaslQuorumAuthLearner.java,226,0,1,0,0,0,0,0,0,0,0,0,0,No
9,zookeeper-server\src\main\java\org\apache\zookeeper\server\quorum\auth\SaslQuorumAuthServer.java,181,0,1,0,0,0,0,0,0,0,0,0,0,No
9,zookeeper-server\src\main\java\org\apache\zookeeper\server\quorum\auth\SaslQuorumServerCallbackHandler.java,149,0,1,0,0,0,0,0,0,0,0,0,0,No
9,zookeeper-server\src\main\java\org\apache\zookeeper\server\quorum\AuthFastLeaderElection.java,991,10,2,0,10,10,5,10,10,5,627,627,313,No
9,zookeeper-server\src\main\java\org\apache\zookeeper\server\quorum\CommitProcessor.java,196,0,1,0,0,0,0,0,0,0,0,0,0,No
9,zookeeper-server\src\main\java\org\apache\zookeeper\server\quorum\Election.java,28,0,1,0,0,0,0,0,0,0,0,0,0,No
9,zookeeper-server\src\main\java\org\apache\zookeeper\server\quorum\FastLeaderElection.java,1016,0,1,0,0,0,0,0,0,0,0,0,0,No
9,zookeeper-server\src\main\java\org\apache\zookeeper\server\quorum\flexible\QuorumHierarchical.java,276,0,1,0,0,0,0,0,0,0,0,0,0,No
9,zookeeper-server\src\main\java\org\apache\zookeeper\server\quorum\flexible\QuorumMaj.java,64,0,1,0,0,0,0,0,0,0,0,0,0,No
9,zookeeper-server\src\main\java\org\apache\zookeeper\server\quorum\flexible\QuorumVerifier.java,34,0,1,0,0,0,0,0,0,0,0,0,0,No
9,zookeeper-server\src\main\java\org\apache\zookeeper\server\quorum\Follower.java,173,0,1,0,0,0,0,0,0,0,0,0,0,No
9,zookeeper-server\src\main\java\org\apache\zookeeper\server\quorum\FollowerBean.java,56,0,1,0,0,0,0,0,0,0,0,0,0,No
9,zookeeper-server\src\main\java\org\apache\zookeeper\server\quorum\FollowerMXBean.java,47,0,1,0,0,0,0,0,0,0,0,0,0,No
9,zookeeper-server\src\main\java\org\apache\zookeeper\server\quorum\FollowerRequestProcessor.java,115,0,1,0,0,0,0,0,0,0,0,0,0,No
9,zookeeper-server\src\main\java\org\apache\zookeeper\server\quorum\FollowerZooKeeperServer.java,166,0,1,0,0,0,0,0,0,0,0,0,0,No
9,zookeeper-server\src\main\java\org\apache\zookeeper\server\quorum\Leader.java,1084,0,1,0,0,0,0,0,0,0,0,0,0,No
9,zookeeper-server\src\main\java\org\apache\zookeeper\server\quorum\LeaderBean.java,78,0,1,0,0,0,0,0,0,0,0,0,0,No
9,zookeeper-server\src\main\java\org\apache\zookeeper\server\quorum\LeaderElection.java,296,0,1,0,0,0,0,0,0,0,0,0,0,No
9,zookeeper-server\src\main\java\org\apache\zookeeper\server\quorum\LeaderElectionBean.java,43,0,1,0,0,0,0,0,0,0,0,0,0,No
9,zookeeper-server\src\main\java\org\apache\zookeeper\server\quorum\LeaderElectionMXBean.java,32,0,1,0,0,0,0,0,0,0,0,0,0,No
9,zookeeper-server\src\main\java\org\apache\zookeeper\server\quorum\LeaderMXBean.java,62,0,1,0,0,0,0,0,0,0,0,0,0,No
9,zookeeper-server\src\main\java\org\apache\zookeeper\server\quorum\LeaderZooKeeperServer.java,183,0,1,0,0,0,0,0,0,0,0,0,0,No
9,zookeeper-server\src\main\java\org\apache\zookeeper\server\quorum\Learner.java,571,0,1,0,0,0,0,0,0,0,0,0,0,No
9,zookeeper-server\src\main\java\org\apache\zookeeper\server\quorum\LearnerHandler.java,716,0,1,0,0,0,0,0,0,0,0,0,0,No
9,zookeeper-server\src\main\java\org\apache\zookeeper\server\quorum\LearnerSessionTracker.java,97,2,2,0,0,0,0,-2,0,-1,627,627,313,No
9,zookeeper-server\src\main\java\org\apache\zookeeper\server\quorum\LearnerSyncRequest.java,35,0,1,0,0,0,0,0,0,0,0,0,0,No
9,zookeeper-server\src\main\java\org\apache\zookeeper\server\quorum\LearnerZooKeeperServer.java,147,0,1,0,0,0,0,0,0,0,0,0,0,No
9,zookeeper-server\src\main\java\org\apache\zookeeper\server\quorum\LocalPeerBean.java,80,0,1,0,0,0,0,0,0,0,0,0,0,No
9,zookeeper-server\src\main\java\org\apache\zookeeper\server\quorum\LocalPeerMXBean.java,78,0,1,0,0,0,0,0,0,0,0,0,0,No
9,zookeeper-server\src\main\java\org\apache\zookeeper\server\quorum\Observer.java,142,0,1,0,0,0,0,0,0,0,0,0,0,No
9,zookeeper-server\src\main\java\org\apache\zookeeper\server\quorum\ObserverMXBean.java,38,0,1,0,0,0,0,0,0,0,0,0,0,No
9,zookeeper-server\src\main\java\org\apache\zookeeper\server\quorum\ObserverRequestProcessor.java,129,0,1,0,0,0,0,0,0,0,0,0,0,No
9,zookeeper-server\src\main\java\org\apache\zookeeper\server\quorum\ObserverZooKeeperServer.java,153,0,1,0,0,0,0,0,0,0,0,0,0,No
9,zookeeper-server\src\main\java\org\apache\zookeeper\server\quorum\ProposalRequestProcessor.java,94,0,1,0,0,0,0,0,0,0,0,0,0,No
9,zookeeper-server\src\main\java\org\apache\zookeeper\server\quorum\ProposalStats.java,72,0,1,0,0,0,0,0,0,0,0,0,0,No
9,zookeeper-server\src\main\java\org\apache\zookeeper\server\quorum\QuorumBean.java,45,0,1,0,0,0,0,0,0,0,0,0,0,No
9,zookeeper-server\src\main\java\org\apache\zookeeper\server\quorum\QuorumCnxManager.java,1153,0,1,0,0,0,0,0,0,0,0,0,0,No
9,zookeeper-server\src\main\java\org\apache\zookeeper\server\quorum\QuorumMXBean.java,35,0,1,0,0,0,0,0,0,0,0,0,0,No
9,zookeeper-server\src\main\java\org\apache\zookeeper\server\quorum\QuorumPeer.java,1548,3,2,0,3,3,1,3,3,1,627,627,313,No
9,zookeeper-server\src\main\java\org\apache\zookeeper\server\quorum\QuorumPeerConfig.java,484,0,1,0,0,0,0,0,0,0,0,0,0,No
9,zookeeper-server\src\main\java\org\apache\zookeeper\server\quorum\QuorumPeerMain.java,183,0,1,0,0,0,0,0,0,0,0,0,0,No
9,zookeeper-server\src\main\java\org\apache\zookeeper\server\quorum\QuorumStats.java,69,0,1,0,0,0,0,0,0,0,0,0,0,No
9,zookeeper-server\src\main\java\org\apache\zookeeper\server\quorum\QuorumZooKeeperServer.java,66,0,1,0,0,0,0,0,0,0,0,0,0,No
9,zookeeper-server\src\main\java\org\apache\zookeeper\server\quorum\ReadOnlyBean.java,39,0,1,0,0,0,0,0,0,0,0,0,0,No
9,zookeeper-server\src\main\java\org\apache\zookeeper\server\quorum\ReadOnlyRequestProcessor.java,130,0,1,0,0,0,0,0,0,0,0,0,0,No
9,zookeeper-server\src\main\java\org\apache\zookeeper\server\quorum\ReadOnlyZooKeeperServer.java,156,0,1,0,0,0,0,0,0,0,0,0,0,No
9,zookeeper-server\src\main\java\org\apache\zookeeper\server\quorum\RemotePeerBean.java,46,0,1,0,0,0,0,0,0,0,0,0,0,No
9,zookeeper-server\src\main\java\org\apache\zookeeper\server\quorum\RemotePeerMXBean.java,34,0,1,0,0,0,0,0,0,0,0,0,0,No
9,zookeeper-server\src\main\java\org\apache\zookeeper\server\quorum\SendAckRequestProcessor.java,81,0,1,0,0,0,0,0,0,0,0,0,0,No
9,zookeeper-server\src\main\java\org\apache\zookeeper\server\quorum\ServerBean.java,39,0,1,0,0,0,0,0,0,0,0,0,0,No
9,zookeeper-server\src\main\java\org\apache\zookeeper\server\quorum\ServerMXBean.java,34,0,1,0,0,0,0,0,0,0,0,0,0,No
9,zookeeper-server\src\main\java\org\apache\zookeeper\server\quorum\StateSummary.java,58,0,1,0,0,0,0,0,0,0,0,0,0,No
9,zookeeper-server\src\main\java\org\apache\zookeeper\server\quorum\Vote.java,170,0,1,0,0,0,0,0,0,0,0,0,0,No
9,zookeeper-server\src\main\java\org\apache\zookeeper\server\ReferenceCountedACLCache.java,227,0,1,0,0,0,0,0,0,0,0,0,0,No
9,zookeeper-server\src\main\java\org\apache\zookeeper\server\Request.java,255,0,1,0,0,0,0,0,0,0,0,0,0,No
9,zookeeper-server\src\main\java\org\apache\zookeeper\server\RequestProcessor.java,45,0,1,0,0,0,0,0,0,0,0,0,0,No
9,zookeeper-server\src\main\java\org\apache\zookeeper\server\ServerCnxn.java,549,0,1,0,0,0,0,0,0,0,0,0,0,No
9,zookeeper-server\src\main\java\org\apache\zookeeper\server\ServerCnxnFactory.java,227,1,2,0,0,0,0,0,0,0,647,647,323,No
9,zookeeper-server\src\main\java\org\apache\zookeeper\server\ServerConfig.java,113,0,1,0,0,0,0,0,0,0,0,0,0,No
9,zookeeper-server\src\main\java\org\apache\zookeeper\server\ServerStats.java,159,0,1,0,0,0,0,0,0,0,0,0,0,No
9,zookeeper-server\src\main\java\org\apache\zookeeper\server\SessionTracker.java,82,0,1,0,0,0,0,0,0,0,0,0,0,No
9,zookeeper-server\src\main\java\org\apache\zookeeper\server\SessionTrackerImpl.java,281,0,1,0,0,0,0,0,0,0,0,0,0,No
9,zookeeper-server\src\main\java\org\apache\zookeeper\server\SnapshotFormatter.java,129,0,1,0,0,0,0,0,0,0,0,0,0,No
9,zookeeper-server\src\main\java\org\apache\zookeeper\server\Stats.java,69,0,1,0,0,0,0,0,0,0,0,0,0,No
9,zookeeper-server\src\main\java\org\apache\zookeeper\server\SyncRequestProcessor.java,235,0,1,0,0,0,0,0,0,0,0,0,0,No
9,zookeeper-server\src\main\java\org\apache\zookeeper\server\TraceFormatter.java,124,0,1,0,0,0,0,0,0,0,0,0,0,No
9,zookeeper-server\src\main\java\org\apache\zookeeper\server\UnimplementedRequestProcessor.java,49,0,1,0,0,0,0,0,0,0,0,0,0,No
9,zookeeper-server\src\main\java\org\apache\zookeeper\server\upgrade\DataNodeV1.java,132,2,2,0,2,2,1,2,2,1,627,627,313,No
9,zookeeper-server\src\main\java\org\apache\zookeeper\server\upgrade\DataTreeV1.java,570,6,2,0,2,2,1,2,2,1,627,627,313,No
9,zookeeper-server\src\main\java\org\apache\zookeeper\server\upgrade\UpgradeMain.java,186,0,1,0,0,0,0,0,0,0,0,0,0,No
9,zookeeper-server\src\main\java\org\apache\zookeeper\server\upgrade\UpgradeSnapShot.java,34,0,1,0,0,0,0,0,0,0,0,0,0,No
9,zookeeper-server\src\main\java\org\apache\zookeeper\server\upgrade\UpgradeSnapShotV1.java,333,0,1,0,0,0,0,0,0,0,0,0,0,No
9,zookeeper-server\src\main\java\org\apache\zookeeper\server\util\KerberosUtil.java,45,0,1,0,0,0,0,0,0,0,0,0,0,No
9,zookeeper-server\src\main\java\org\apache\zookeeper\server\util\OSMXBean.java,182,0,1,0,0,0,0,0,0,0,0,0,0,No
9,zookeeper-server\src\main\java\org\apache\zookeeper\server\util\Profiler.java,42,0,1,0,0,0,0,0,0,0,0,0,0,No
9,zookeeper-server\src\main\java\org\apache\zookeeper\server\util\SerializeUtils.java,160,0,1,0,0,0,0,0,0,0,0,0,0,No
9,zookeeper-server\src\main\java\org\apache\zookeeper\server\util\ZxidUtils.java,35,0,1,0,0,0,0,0,0,0,0,0,0,No
9,zookeeper-server\src\main\java\org\apache\zookeeper\server\WatchManager.java,172,0,1,0,0,0,0,0,0,0,0,0,0,No
9,zookeeper-server\src\main\java\org\apache\zookeeper\server\ZKDatabase.java,500,0,1,0,0,0,0,0,0,0,0,0,0,No
9,zookeeper-server\src\main\java\org\apache\zookeeper\server\ZooKeeperCriticalThread.java,53,0,1,0,0,0,0,0,0,0,0,0,0,No
9,zookeeper-server\src\main\java\org\apache\zookeeper\server\ZooKeeperSaslServer.java,66,0,1,0,0,0,0,0,0,0,0,0,0,No
9,zookeeper-server\src\main\java\org\apache\zookeeper\server\ZooKeeperServer.java,1105,0,1,0,0,0,0,0,0,0,0,0,0,No
9,zookeeper-server\src\main\java\org\apache\zookeeper\server\ZooKeeperServerBean.java,163,0,1,0,0,0,0,0,0,0,0,0,0,No
9,zookeeper-server\src\main\java\org\apache\zookeeper\server\ZooKeeperServerListener.java,36,0,1,0,0,0,0,0,0,0,0,0,0,No
9,zookeeper-server\src\main\java\org\apache\zookeeper\server\ZooKeeperServerListenerImpl.java,46,0,1,0,0,0,0,0,0,0,0,0,0,No
9,zookeeper-server\src\main\java\org\apache\zookeeper\server\ZooKeeperServerMain.java,156,0,1,0,0,0,0,0,0,0,0,0,0,No
9,zookeeper-server\src\main\java\org\apache\zookeeper\server\ZooKeeperServerMXBean.java,127,0,1,0,0,0,0,0,0,0,0,0,0,No
9,zookeeper-server\src\main\java\org\apache\zookeeper\server\ZooKeeperServerShutdownHandler.java,47,0,1,0,0,0,0,0,0,0,0,0,0,No
9,zookeeper-server\src\main\java\org\apache\zookeeper\server\ZooKeeperThread.java,63,0,1,0,0,0,0,0,0,0,0,0,0,No
9,zookeeper-server\src\main\java\org\apache\zookeeper\server\ZooTrace.java,92,0,1,0,0,0,0,0,0,0,0,0,0,No
9,zookeeper-server\src\main\java\org\apache\zookeeper\ServerAdminClient.java,317,0,1,0,0,0,0,0,0,0,0,0,0,No
9,zookeeper-server\src\main\java\org\apache\zookeeper\Shell.java,478,0,1,0,0,0,0,0,0,0,0,0,0,No
9,zookeeper-server\src\main\java\org\apache\zookeeper\StatsTrack.java,102,0,1,0,0,0,0,0,0,0,0,0,0,No
9,zookeeper-server\src\main\java\org\apache\zookeeper\Testable.java,30,0,1,0,0,0,0,0,0,0,0,0,0,No
9,zookeeper-server\src\main\java\org\apache\zookeeper\Transaction.java,71,0,1,0,0,0,0,0,0,0,0,0,0,No
9,zookeeper-server\src\main\java\org\apache\zookeeper\util\SecurityUtils.java,299,0,1,0,0,0,0,0,0,0,0,0,0,No
9,zookeeper-server\src\main\java\org\apache\zookeeper\version\util\VerGen.java,179,0,1,0,0,0,0,0,0,0,0,0,0,No
9,zookeeper-server\src\main\java\org\apache\zookeeper\Version.java,91,0,1,0,0,0,0,0,0,0,0,0,0,No
9,zookeeper-server\src\main\java\org\apache\zookeeper\WatchedEvent.java,82,0,1,0,0,0,0,0,0,0,0,0,0,No
9,zookeeper-server\src\main\java\org\apache\zookeeper\Watcher.java,156,0,1,0,0,0,0,0,0,0,0,0,0,No
9,zookeeper-server\src\main\java\org\apache\zookeeper\ZKUtil.java,125,0,1,0,0,0,0,0,0,0,0,0,0,No
9,zookeeper-server\src\main\java\org\apache\zookeeper\ZooDefs.java,130,4,2,0,4,4,2,4,4,2,254,254,127,No
9,zookeeper-server\src\main\java\org\apache\zookeeper\ZooKeeper.java,1866,13,3,0,8,8,2,8,8,2,301,256,100,No
9,zookeeper-server\src\main\java\org\apache\zookeeper\ZooKeeperMain.java,872,0,1,0,0,0,0,0,0,0,0,0,0,No
9,zookeeper-server\src\main\java\org\apache\zookeeper\ZooKeeperTestable.java,48,0,1,0,0,0,0,0,0,0,0,0,0,No
